<?xml version="1.0" encoding="UTF-8"?>
<project-private xmlns="http://www.netbeans.org/ns/project-private/1">
    <editor-bookmarks xmlns="http://www.netbeans.org/ns/editor-bookmarks/2" lastBookmarkId="0"/>
    <open-files xmlns="http://www.netbeans.org/ns/projectui-open-files/2">
        <group>
            <file>file:/D:/Semestre_7/Digital_2/Labs_Digital_2/Mini_1/Mini1_Slave1.X/main_slave1.c</file>
            <file>file:/D:/Semestre_7/Digital_2/Labs_Digital_2/Mini_1/Mini1_Slave1.X/SPI.c</file>
            <file>file:/D:/Semestre_7/Digital_2/Labs_Digital_2/Mini_1/Mini1_Slave1.X/ADC.c</file>
        </group>
    </open-files>
</project-private>
