<?xml version="1.0" encoding="UTF-8"?>
<project-private xmlns="http://www.netbeans.org/ns/project-private/1">
    <editor-bookmarks xmlns="http://www.netbeans.org/ns/editor-bookmarks/2" lastBookmarkId="0"/>
    <open-files xmlns="http://www.netbeans.org/ns/projectui-open-files/2">
        <group>
            <file>file:/D:/Semestre_7/Digital_2/Labs_Digital_2/Mini_2/Mini2_Ver2.X/I2c.h</file>
            <file>file:/D:/Semestre_7/Digital_2/Labs_Digital_2/Mini_2/Mini2_Ver2.X/main.c</file>
            <file>file:/D:/Semestre_7/Digital_2/Labs_Digital_2/Mini_2/Mini2_Ver2.X/USART.h</file>
            <file>file:/D:/Semestre_7/Digital_2/Labs_Digital_2/Mini_2/Mini2_Ver2.X/MPU.h</file>
            <file>file:/D:/Semestre_7/Digital_2/Labs_Digital_2/Mini_2/Mini2_Ver2.X/I2c.c</file>
            <file>file:/D:/Semestre_7/Digital_2/Labs_Digital_2/Mini_2/Mini2_Ver2.X/MPU.c</file>
            <file>file:/D:/Semestre_7/Digital_2/Labs_Digital_2/Mini_2/Mini2_Ver2.X/USART.c</file>
        </group>
    </open-files>
</project-private>
